filename,function_name,n,time,memory,storage,marshaling,no_cache,hash,intra_cache,inter_cache
teste_multiprocessing.py,fib,1,0.33553,2d-mp,pickle,db,False,md5,True,False
teste_multiprocessing.py,fib,1,0.23073,2d-mp,pickle,db,False,md5,True,True
teste_multiprocessing.py,fib,2,0.54973,2d-mp,pickle,db,False,md5,True,False
teste_multiprocessing.py,fib,2,0.22078,2d-mp,pickle,db,False,md5,True,True
teste_multiprocessing.py,fib,3,0.65173,2d-mp,pickle,db,False,md5,True,False
teste_multiprocessing.py,fib,3,0.22283,2d-mp,pickle,db,False,md5,True,True
teste_multiprocessing.py,fib,4,0.65922,2d-mp,pickle,db,False,md5,True,False
teste_multiprocessing.py,fib,4,0.21934,2d-mp,pickle,db,False,md5,True,True
teste_multiprocessing.py,fib,5,0.8656,2d-mp,pickle,db,False,md5,True,False
teste_multiprocessing.py,fib,5,0.22511,2d-mp,pickle,db,False,md5,True,True
teste_multiprocessing.py,fib,6,0.76555,2d-mp,pickle,db,False,md5,True,False
teste_multiprocessing.py,fib,6,0.22419,2d-mp,pickle,db,False,md5,True,True
teste_multiprocessing.py,fib,7,1.24619,2d-mp,pickle,db,False,md5,True,False
teste_multiprocessing.py,fib,7,0.2317,2d-mp,pickle,db,False,md5,True,True
teste_multiprocessing.py,fib,8,1.09782,2d-mp,pickle,db,False,md5,True,False
teste_multiprocessing.py,fib,8,0.22176,2d-mp,pickle,db,False,md5,True,True
teste_multiprocessing.py,fib,9,1.06284,2d-mp,pickle,db,False,md5,True,False
teste_multiprocessing.py,fib,9,0.25795,2d-mp,pickle,db,False,md5,True,True
teste_multiprocessing.py,fib,10,1.21735,2d-mp,pickle,db,False,md5,True,False
teste_multiprocessing.py,fib,10,0.22277,2d-mp,pickle,db,False,md5,True,True
teste_multiprocessing.py,fib,11,1.26636,2d-mp,pickle,db,False,md5,True,False
teste_multiprocessing.py,fib,11,0.22002,2d-mp,pickle,db,False,md5,True,True
teste_multiprocessing.py,fib,12,1.43732,2d-mp,pickle,db,False,md5,True,False
teste_multiprocessing.py,fib,12,0.22076,2d-mp,pickle,db,False,md5,True,True
teste_multiprocessing.py,fib,13,1.88484,2d-mp,pickle,db,False,md5,True,False
teste_multiprocessing.py,fib,13,0.22383,2d-mp,pickle,db,False,md5,True,True
teste_multiprocessing.py,fib,14,2.02996,2d-mp,pickle,db,False,md5,True,False
teste_multiprocessing.py,fib,14,0.2671,2d-mp,pickle,db,False,md5,True,True
teste_multiprocessing.py,fib,15,1.63095,2d-mp,pickle,db,False,md5,True,False
teste_multiprocessing.py,fib,15,0.22199,2d-mp,pickle,db,False,md5,True,True
teste_multiprocessing.py,fib,16,1.79593,2d-mp,pickle,db,False,md5,True,False
teste_multiprocessing.py,fib,16,0.22174,2d-mp,pickle,db,False,md5,True,True
teste_multiprocessing.py,fib,17,1.81965,2d-mp,pickle,db,False,md5,True,False
teste_multiprocessing.py,fib,17,0.22281,2d-mp,pickle,db,False,md5,True,True
teste_multiprocessing.py,fib,18,2.18851,2d-mp,pickle,db,False,md5,True,False
teste_multiprocessing.py,fib,18,0.22304,2d-mp,pickle,db,False,md5,True,True
teste_multiprocessing.py,fib,19,2.06308,2d-mp,pickle,db,False,md5,True,False
teste_multiprocessing.py,fib,19,0.22338,2d-mp,pickle,db,False,md5,True,True
teste_multiprocessing.py,fib,20,2.21385,2d-mp,pickle,db,False,md5,True,False
teste_multiprocessing.py,fib,20,0.22486,2d-mp,pickle,db,False,md5,True,True
teste_multiprocessing.py,fib,21,2.13956,2d-mp,pickle,db,False,md5,True,False
teste_multiprocessing.py,fib,21,0.25781,2d-mp,pickle,db,False,md5,True,True
teste_multiprocessing.py,fib,22,2.53172,2d-mp,pickle,db,False,md5,True,False
teste_multiprocessing.py,fib,22,0.2584,2d-mp,pickle,db,False,md5,True,True
teste_multiprocessing.py,fib,23,2.33261,2d-mp,pickle,db,False,md5,True,False
teste_multiprocessing.py,fib,23,0.2287,2d-mp,pickle,db,False,md5,True,True
teste_multiprocessing.py,fib,24,2.4572,2d-mp,pickle,db,False,md5,True,False
teste_multiprocessing.py,fib,24,0.23836,2d-mp,pickle,db,False,md5,True,True
teste_multiprocessing.py,fib,25,3.00743,2d-mp,pickle,db,False,md5,True,False
teste_multiprocessing.py,fib,25,0.23171,2d-mp,pickle,db,False,md5,True,True
teste_multiprocessing.py,fib,26,2.7049,2d-mp,pickle,db,False,md5,True,False
teste_multiprocessing.py,fib,26,0.23437,2d-mp,pickle,db,False,md5,True,True
teste_multiprocessing.py,fib,27,2.56557,2d-mp,pickle,db,False,md5,True,False
teste_multiprocessing.py,fib,27,0.27237,2d-mp,pickle,db,False,md5,True,True
teste_multiprocessing.py,fib,28,3.00451,2d-mp,pickle,db,False,md5,True,False
teste_multiprocessing.py,fib,28,0.23753,2d-mp,pickle,db,False,md5,True,True
teste_multiprocessing.py,fib,29,2.94101,2d-mp,pickle,db,False,md5,True,False
teste_multiprocessing.py,fib,29,0.22336,2d-mp,pickle,db,False,md5,True,True
teste_multiprocessing.py,fib,30,3.24746,2d-mp,pickle,db,False,md5,True,False
teste_multiprocessing.py,fib,30,0.27703,2d-mp,pickle,db,False,md5,True,True
teste_multiprocessing.py,fib,31,3.10375,2d-mp,pickle,db,False,md5,True,False
teste_multiprocessing.py,fib,31,0.22696,2d-mp,pickle,db,False,md5,True,True
teste_multiprocessing.py,fib,32,3.12767,2d-mp,pickle,db,False,md5,True,False
teste_multiprocessing.py,fib,32,0.22884,2d-mp,pickle,db,False,md5,True,True
teste_multiprocessing.py,fib,33,3.49241,2d-mp,pickle,db,False,md5,True,False
teste_multiprocessing.py,fib,33,0.22705,2d-mp,pickle,db,False,md5,True,True
teste_multiprocessing.py,fib,34,3.37144,2d-mp,pickle,db,False,md5,True,False
teste_multiprocessing.py,fib,34,0.37241,2d-mp,pickle,db,False,md5,True,True
teste_multiprocessing.py,fib,35,3.68802,2d-mp,pickle,db,False,md5,True,False
teste_multiprocessing.py,fib,35,0.23056,2d-mp,pickle,db,False,md5,True,True
teste_multiprocessing.py,fib,36,3.39632,2d-mp,pickle,db,False,md5,True,False
teste_multiprocessing.py,fib,36,0.23419,2d-mp,pickle,db,False,md5,True,True
teste_multiprocessing.py,fib,37,3.87499,2d-mp,pickle,db,False,md5,True,False
teste_multiprocessing.py,fib,37,0.22988,2d-mp,pickle,db,False,md5,True,True
teste_multiprocessing.py,fib,38,3.58457,2d-mp,pickle,db,False,md5,True,False
teste_multiprocessing.py,fib,38,0.23142,2d-mp,pickle,db,False,md5,True,True
teste_multiprocessing.py,fib,39,4.10882,2d-mp,pickle,db,False,md5,True,False
teste_multiprocessing.py,fib,39,0.23009,2d-mp,pickle,db,False,md5,True,True
teste_multiprocessing.py,fib,40,4.01637,2d-mp,pickle,db,False,md5,True,False
teste_multiprocessing.py,fib,40,0.2306,2d-mp,pickle,db,False,md5,True,True
teste_multiprocessing.py,fib,41,4.24698,2d-mp,pickle,db,False,md5,True,False
teste_multiprocessing.py,fib,41,0.23075,2d-mp,pickle,db,False,md5,True,True
teste_multiprocessing.py,fib,42,4.18254,2d-mp,pickle,db,False,md5,True,False
teste_multiprocessing.py,fib,42,0.22827,2d-mp,pickle,db,False,md5,True,True
teste_multiprocessing.py,fib,43,4.46331,2d-mp,pickle,db,False,md5,True,False
teste_multiprocessing.py,fib,43,0.23298,2d-mp,pickle,db,False,md5,True,True
teste_multiprocessing.py,fib,44,4.38897,2d-mp,pickle,db,False,md5,True,False
teste_multiprocessing.py,fib,44,0.22914,2d-mp,pickle,db,False,md5,True,True
teste_multiprocessing.py,fib,45,4.69501,2d-mp,pickle,db,False,md5,True,False
teste_multiprocessing.py,fib,45,0.23464,2d-mp,pickle,db,False,md5,True,True
teste_multiprocessing.py,fib,46,4.43498,2d-mp,pickle,db,False,md5,True,False
teste_multiprocessing.py,fib,46,0.23081,2d-mp,pickle,db,False,md5,True,True
teste_multiprocessing.py,fib,47,4.81974,2d-mp,pickle,db,False,md5,True,False
teste_multiprocessing.py,fib,47,0.23538,2d-mp,pickle,db,False,md5,True,True
teste_multiprocessing.py,fib,48,4.82912,2d-mp,pickle,db,False,md5,True,False
teste_multiprocessing.py,fib,48,0.22876,2d-mp,pickle,db,False,md5,True,True
teste_multiprocessing.py,fib,49,4.80766,2d-mp,pickle,db,False,md5,True,False
teste_multiprocessing.py,fib,49,0.23141,2d-mp,pickle,db,False,md5,True,True
teste_multiprocessing.py,fib,50,5.12217,2d-mp,pickle,db,False,md5,True,False
teste_multiprocessing.py,fib,50,0.23401,2d-mp,pickle,db,False,md5,True,True
teste_multiprocessing.py,fib,51,4.98031,2d-mp,pickle,db,False,md5,True,False
teste_multiprocessing.py,fib,51,0.23213,2d-mp,pickle,db,False,md5,True,True
teste_multiprocessing.py,fib,52,5.32446,2d-mp,pickle,db,False,md5,True,False
teste_multiprocessing.py,fib,52,0.23413,2d-mp,pickle,db,False,md5,True,True
teste_multiprocessing.py,fib,53,5.53418,2d-mp,pickle,db,False,md5,True,False
teste_multiprocessing.py,fib,53,0.29228,2d-mp,pickle,db,False,md5,True,True
teste_multiprocessing.py,fib,54,5.1968,2d-mp,pickle,db,False,md5,True,False
teste_multiprocessing.py,fib,54,0.23305,2d-mp,pickle,db,False,md5,True,True
teste_multiprocessing.py,fib,55,5.72835,2d-mp,pickle,db,False,md5,True,False
teste_multiprocessing.py,fib,55,0.23125,2d-mp,pickle,db,False,md5,True,True
teste_multiprocessing.py,fib,56,5.69286,2d-mp,pickle,db,False,md5,True,False
teste_multiprocessing.py,fib,56,0.22767,2d-mp,pickle,db,False,md5,True,True
teste_multiprocessing.py,fib,57,5.97408,2d-mp,pickle,db,False,md5,True,False
teste_multiprocessing.py,fib,57,0.2356,2d-mp,pickle,db,False,md5,True,True
teste_multiprocessing.py,fib,58,5.41896,2d-mp,pickle,db,False,md5,True,False
teste_multiprocessing.py,fib,58,0.2286,2d-mp,pickle,db,False,md5,True,True
teste_multiprocessing.py,fib,59,5.89016,2d-mp,pickle,db,False,md5,True,False
teste_multiprocessing.py,fib,59,0.2304,2d-mp,pickle,db,False,md5,True,True
teste_multiprocessing.py,fib,60,5.46879,2d-mp,pickle,db,False,md5,True,False
teste_multiprocessing.py,fib,60,0.23224,2d-mp,pickle,db,False,md5,True,True
teste_multiprocessing.py,fib,61,6.17147,2d-mp,pickle,db,False,md5,True,False
teste_multiprocessing.py,fib,61,0.2333,2d-mp,pickle,db,False,md5,True,True
teste_multiprocessing.py,fib,62,5.80655,2d-mp,pickle,db,False,md5,True,False
teste_multiprocessing.py,fib,62,0.22819,2d-mp,pickle,db,False,md5,True,True
teste_multiprocessing.py,fib,63,6.30471,2d-mp,pickle,db,False,md5,True,False
teste_multiprocessing.py,fib,63,0.23617,2d-mp,pickle,db,False,md5,True,True
teste_multiprocessing.py,fib,64,6.26998,2d-mp,pickle,db,False,md5,True,False
teste_multiprocessing.py,fib,64,0.22809,2d-mp,pickle,db,False,md5,True,True
teste_multiprocessing.py,fib,65,6.34307,2d-mp,pickle,db,False,md5,True,False
teste_multiprocessing.py,fib,65,0.22963,2d-mp,pickle,db,False,md5,True,True
teste_multiprocessing.py,fib,66,6.51111,2d-mp,pickle,db,False,md5,True,False
teste_multiprocessing.py,fib,66,0.23606,2d-mp,pickle,db,False,md5,True,True
teste_multiprocessing.py,fib,67,4.23309,2d-mp,pickle,db,False,md5,True,False
teste_multiprocessing.py,fib,67,0.23503,2d-mp,pickle,db,False,md5,True,True
teste_multiprocessing.py,fib,68,3.24407,2d-mp,pickle,db,False,md5,True,False
teste_multiprocessing.py,fib,68,0.22878,2d-mp,pickle,db,False,md5,True,True
teste_multiprocessing.py,fib,69,3.34569,2d-mp,pickle,db,False,md5,True,False
teste_multiprocessing.py,fib,69,0.226,2d-mp,pickle,db,False,md5,True,True
teste_multiprocessing.py,fib,70,3.38127,2d-mp,pickle,db,False,md5,True,False
teste_multiprocessing.py,fib,70,0.229,2d-mp,pickle,db,False,md5,True,True
teste_multiprocessing.py,fib,71,3.36989,2d-mp,pickle,db,False,md5,True,False
teste_multiprocessing.py,fib,71,0.23274,2d-mp,pickle,db,False,md5,True,True
teste_multiprocessing.py,fib,72,7.02654,2d-mp,pickle,db,False,md5,True,False
teste_multiprocessing.py,fib,72,0.23589,2d-mp,pickle,db,False,md5,True,True
teste_multiprocessing.py,fib,73,7.16965,2d-mp,pickle,db,False,md5,True,False
teste_multiprocessing.py,fib,73,0.22893,2d-mp,pickle,db,False,md5,True,True
teste_multiprocessing.py,fib,74,7.11094,2d-mp,pickle,db,False,md5,True,False
teste_multiprocessing.py,fib,74,0.30424,2d-mp,pickle,db,False,md5,True,True
teste_multiprocessing.py,fib,75,7.41309,2d-mp,pickle,db,False,md5,True,False
teste_multiprocessing.py,fib,75,0.23492,2d-mp,pickle,db,False,md5,True,True
teste_multiprocessing.py,fib,76,7.56286,2d-mp,pickle,db,False,md5,True,False
teste_multiprocessing.py,fib,76,0.22845,2d-mp,pickle,db,False,md5,True,True
teste_multiprocessing.py,fib,77,7.58624,2d-mp,pickle,db,False,md5,True,False
teste_multiprocessing.py,fib,77,0.23505,2d-mp,pickle,db,False,md5,True,True
teste_multiprocessing.py,fib,78,7.58895,2d-mp,pickle,db,False,md5,True,False
teste_multiprocessing.py,fib,78,0.23645,2d-mp,pickle,db,False,md5,True,True
teste_multiprocessing.py,fib,79,7.54768,2d-mp,pickle,db,False,md5,True,False
teste_multiprocessing.py,fib,79,0.23069,2d-mp,pickle,db,False,md5,True,True
teste_multiprocessing.py,fib,80,7.89896,2d-mp,pickle,db,False,md5,True,False
teste_multiprocessing.py,fib,80,0.27507,2d-mp,pickle,db,False,md5,True,True
teste_multiprocessing.py,fib,81,7.8435,2d-mp,pickle,db,False,md5,True,False
teste_multiprocessing.py,fib,81,0.22598,2d-mp,pickle,db,False,md5,True,True
teste_multiprocessing.py,fib,82,8.10993,2d-mp,pickle,db,False,md5,True,False
teste_multiprocessing.py,fib,82,0.23236,2d-mp,pickle,db,False,md5,True,True
teste_multiprocessing.py,fib,83,8.17638,2d-mp,pickle,db,False,md5,True,False
teste_multiprocessing.py,fib,83,0.23406,2d-mp,pickle,db,False,md5,True,True
teste_multiprocessing.py,fib,84,8.22325,2d-mp,pickle,db,False,md5,True,False
teste_multiprocessing.py,fib,84,0.23457,2d-mp,pickle,db,False,md5,True,True
teste_multiprocessing.py,fib,85,8.4381,2d-mp,pickle,db,False,md5,True,False
teste_multiprocessing.py,fib,85,0.2348,2d-mp,pickle,db,False,md5,True,True
teste_multiprocessing.py,fib,86,8.2851,2d-mp,pickle,db,False,md5,True,False
teste_multiprocessing.py,fib,86,0.23132,2d-mp,pickle,db,False,md5,True,True
teste_multiprocessing.py,fib,87,8.43617,2d-mp,pickle,db,False,md5,True,False
teste_multiprocessing.py,fib,87,0.22942,2d-mp,pickle,db,False,md5,True,True
teste_multiprocessing.py,fib,88,8.55847,2d-mp,pickle,db,False,md5,True,False
teste_multiprocessing.py,fib,88,0.23395,2d-mp,pickle,db,False,md5,True,True
teste_multiprocessing.py,fib,89,8.69768,2d-mp,pickle,db,False,md5,True,False
teste_multiprocessing.py,fib,89,0.28291,2d-mp,pickle,db,False,md5,True,True
teste_multiprocessing.py,fib,90,8.84276,2d-mp,pickle,db,False,md5,True,False
teste_multiprocessing.py,fib,90,0.23096,2d-mp,pickle,db,False,md5,True,True
teste_multiprocessing.py,fib,91,9.09712,2d-mp,pickle,db,False,md5,True,False
teste_multiprocessing.py,fib,91,0.22612,2d-mp,pickle,db,False,md5,True,True
teste_multiprocessing.py,fib,92,8.86102,2d-mp,pickle,db,False,md5,True,False
teste_multiprocessing.py,fib,92,0.22675,2d-mp,pickle,db,False,md5,True,True
teste_multiprocessing.py,fib,93,8.91285,2d-mp,pickle,db,False,md5,True,False
teste_multiprocessing.py,fib,93,0.23393,2d-mp,pickle,db,False,md5,True,True
teste_multiprocessing.py,fib,94,9.05089,2d-mp,pickle,db,False,md5,True,False
teste_multiprocessing.py,fib,94,0.22759,2d-mp,pickle,db,False,md5,True,True
teste_multiprocessing.py,fib,95,9.217,2d-mp,pickle,db,False,md5,True,False
teste_multiprocessing.py,fib,95,0.23147,2d-mp,pickle,db,False,md5,True,True
teste_multiprocessing.py,fib,96,9.39116,2d-mp,pickle,db,False,md5,True,False
teste_multiprocessing.py,fib,96,0.22834,2d-mp,pickle,db,False,md5,True,True
teste_multiprocessing.py,fib,97,9.85892,2d-mp,pickle,db,False,md5,True,False
teste_multiprocessing.py,fib,97,0.22716,2d-mp,pickle,db,False,md5,True,True
teste_multiprocessing.py,fib,98,9.48488,2d-mp,pickle,db,False,md5,True,False
teste_multiprocessing.py,fib,98,0.22654,2d-mp,pickle,db,False,md5,True,True
teste_multiprocessing.py,fib,99,9.69545,2d-mp,pickle,db,False,md5,True,False
teste_multiprocessing.py,fib,99,0.22937,2d-mp,pickle,db,False,md5,True,True
teste_multiprocessing.py,fib,100,9.75077,2d-mp,pickle,db,False,md5,True,False
teste_multiprocessing.py,fib,100,0.23368,2d-mp,pickle,db,False,md5,True,True
teste.py,fib,1,0.10567,2d-ad,pickle,db,False,md5,True,False
teste.py,fib,1,0.00482,2d-ad,pickle,db,False,md5,True,True
teste.py,fib,2,0.10563,2d-ad,pickle,db,False,md5,True,False
teste.py,fib,2,0.00481,2d-ad,pickle,db,False,md5,True,True
teste.py,fib,3,0.07975,2d-ad,pickle,db,False,md5,True,False
teste.py,fib,3,0.00476,2d-ad,pickle,db,False,md5,True,True
teste.py,fib,4,0.08694,2d-ad,pickle,db,False,md5,True,False
teste.py,fib,4,0.00473,2d-ad,pickle,db,False,md5,True,True
teste.py,fib,5,0.09268,2d-ad,pickle,db,False,md5,True,False
teste.py,fib,5,0.00482,2d-ad,pickle,db,False,md5,True,True
teste.py,fib,6,0.09729,2d-ad,pickle,db,False,md5,True,False
teste.py,fib,6,0.00474,2d-ad,pickle,db,False,md5,True,True
teste.py,fib,7,0.10514,2d-ad,pickle,db,False,md5,True,False
teste.py,fib,7,0.00494,2d-ad,pickle,db,False,md5,True,True
teste.py,fib,8,0.07674,2d-ad,pickle,db,False,md5,True,False
teste.py,fib,8,0.00502,2d-ad,pickle,db,False,md5,True,True
teste.py,fib,9,0.08933,2d-ad,pickle,db,False,md5,True,False
teste.py,fib,9,0.00475,2d-ad,pickle,db,False,md5,True,True
teste.py,fib,10,0.09109,2d-ad,pickle,db,False,md5,True,False
teste.py,fib,10,0.0047,2d-ad,pickle,db,False,md5,True,True
teste.py,fib,11,0.10434,2d-ad,pickle,db,False,md5,True,False
teste.py,fib,11,0.00462,2d-ad,pickle,db,False,md5,True,True
teste.py,fib,12,0.08372,2d-ad,pickle,db,False,md5,True,False
teste.py,fib,12,0.00515,2d-ad,pickle,db,False,md5,True,True
teste.py,fib,13,0.08589,2d-ad,pickle,db,False,md5,True,False
teste.py,fib,13,0.00486,2d-ad,pickle,db,False,md5,True,True
teste.py,fib,14,0.08684,2d-ad,pickle,db,False,md5,True,False
teste.py,fib,14,0.00482,2d-ad,pickle,db,False,md5,True,True
teste.py,fib,15,0.1158,2d-ad,pickle,db,False,md5,True,False
teste.py,fib,15,0.00468,2d-ad,pickle,db,False,md5,True,True
teste.py,fib,16,0.0952,2d-ad,pickle,db,False,md5,True,False
teste.py,fib,16,0.0049,2d-ad,pickle,db,False,md5,True,True
teste.py,fib,17,0.09019,2d-ad,pickle,db,False,md5,True,False
teste.py,fib,17,0.0052,2d-ad,pickle,db,False,md5,True,True
teste.py,fib,18,0.12102,2d-ad,pickle,db,False,md5,True,False
teste.py,fib,18,0.00489,2d-ad,pickle,db,False,md5,True,True
teste.py,fib,19,0.09761,2d-ad,pickle,db,False,md5,True,False
teste.py,fib,19,0.00508,2d-ad,pickle,db,False,md5,True,True
teste.py,fib,20,0.09689,2d-ad,pickle,db,False,md5,True,False
teste.py,fib,20,0.00476,2d-ad,pickle,db,False,md5,True,True
teste.py,fib,21,0.10942,2d-ad,pickle,db,False,md5,True,False
teste.py,fib,21,0.00469,2d-ad,pickle,db,False,md5,True,True
teste.py,fib,22,0.12125,2d-ad,pickle,db,False,md5,True,False
teste.py,fib,22,0.00478,2d-ad,pickle,db,False,md5,True,True
teste.py,fib,23,0.09759,2d-ad,pickle,db,False,md5,True,False
teste.py,fib,23,0.00484,2d-ad,pickle,db,False,md5,True,True
teste.py,fib,24,0.10754,2d-ad,pickle,db,False,md5,True,False
teste.py,fib,24,0.00487,2d-ad,pickle,db,False,md5,True,True
teste.py,fib,25,0.10882,2d-ad,pickle,db,False,md5,True,False
teste.py,fib,25,0.00533,2d-ad,pickle,db,False,md5,True,True
teste.py,fib,26,0.0946,2d-ad,pickle,db,False,md5,True,False
teste.py,fib,26,0.00468,2d-ad,pickle,db,False,md5,True,True
teste.py,fib,27,0.10045,2d-ad,pickle,db,False,md5,True,False
teste.py,fib,27,0.0052,2d-ad,pickle,db,False,md5,True,True
teste.py,fib,28,0.10991,2d-ad,pickle,db,False,md5,True,False
teste.py,fib,28,0.00468,2d-ad,pickle,db,False,md5,True,True
teste.py,fib,29,0.09677,2d-ad,pickle,db,False,md5,True,False
teste.py,fib,29,0.00481,2d-ad,pickle,db,False,md5,True,True
teste.py,fib,30,0.09316,2d-ad,pickle,db,False,md5,True,False
teste.py,fib,30,0.00468,2d-ad,pickle,db,False,md5,True,True
teste.py,fib,31,0.11807,2d-ad,pickle,db,False,md5,True,False
teste.py,fib,31,0.005,2d-ad,pickle,db,False,md5,True,True
teste.py,fib,32,0.1339,2d-ad,pickle,db,False,md5,True,False
teste.py,fib,32,0.0047,2d-ad,pickle,db,False,md5,True,True
teste.py,fib,33,0.1411,2d-ad,pickle,db,False,md5,True,False
teste.py,fib,33,0.00519,2d-ad,pickle,db,False,md5,True,True
teste.py,fib,34,0.11409,2d-ad,pickle,db,False,md5,True,False
teste.py,fib,34,0.00481,2d-ad,pickle,db,False,md5,True,True
teste.py,fib,35,0.11421,2d-ad,pickle,db,False,md5,True,False
teste.py,fib,35,0.0049,2d-ad,pickle,db,False,md5,True,True
teste.py,fib,36,0.11871,2d-ad,pickle,db,False,md5,True,False
teste.py,fib,36,0.00503,2d-ad,pickle,db,False,md5,True,True
teste.py,fib,37,0.13707,2d-ad,pickle,db,False,md5,True,False
teste.py,fib,37,0.0048,2d-ad,pickle,db,False,md5,True,True
teste.py,fib,38,0.14436,2d-ad,pickle,db,False,md5,True,False
teste.py,fib,38,0.00472,2d-ad,pickle,db,False,md5,True,True
teste.py,fib,39,0.1307,2d-ad,pickle,db,False,md5,True,False
teste.py,fib,39,0.00629,2d-ad,pickle,db,False,md5,True,True
teste.py,fib,40,0.109,2d-ad,pickle,db,False,md5,True,False
teste.py,fib,40,0.00522,2d-ad,pickle,db,False,md5,True,True
teste.py,fib,41,0.14128,2d-ad,pickle,db,False,md5,True,False
teste.py,fib,41,0.00509,2d-ad,pickle,db,False,md5,True,True
teste.py,fib,42,0.13109,2d-ad,pickle,db,False,md5,True,False
teste.py,fib,42,0.00472,2d-ad,pickle,db,False,md5,True,True
teste.py,fib,43,0.13932,2d-ad,pickle,db,False,md5,True,False
teste.py,fib,43,0.00504,2d-ad,pickle,db,False,md5,True,True
teste.py,fib,44,0.11968,2d-ad,pickle,db,False,md5,True,False
teste.py,fib,44,0.00483,2d-ad,pickle,db,False,md5,True,True
teste.py,fib,45,0.09937,2d-ad,pickle,db,False,md5,True,False
teste.py,fib,45,0.00495,2d-ad,pickle,db,False,md5,True,True
teste.py,fib,46,0.14174,2d-ad,pickle,db,False,md5,True,False
teste.py,fib,46,0.00487,2d-ad,pickle,db,False,md5,True,True
teste.py,fib,47,0.13566,2d-ad,pickle,db,False,md5,True,False
teste.py,fib,47,0.00493,2d-ad,pickle,db,False,md5,True,True
teste.py,fib,48,0.10611,2d-ad,pickle,db,False,md5,True,False
teste.py,fib,48,0.00509,2d-ad,pickle,db,False,md5,True,True
teste.py,fib,49,0.12137,2d-ad,pickle,db,False,md5,True,False
teste.py,fib,49,0.00478,2d-ad,pickle,db,False,md5,True,True
teste.py,fib,50,0.10441,2d-ad,pickle,db,False,md5,True,False
teste.py,fib,50,0.00476,2d-ad,pickle,db,False,md5,True,True
teste.py,fib,51,0.12053,2d-ad,pickle,db,False,md5,True,False
teste.py,fib,51,0.0047,2d-ad,pickle,db,False,md5,True,True
teste.py,fib,52,0.0857,2d-ad,pickle,db,False,md5,True,False
teste.py,fib,52,0.00471,2d-ad,pickle,db,False,md5,True,True
teste.py,fib,53,0.07936,2d-ad,pickle,db,False,md5,True,False
teste.py,fib,53,0.00476,2d-ad,pickle,db,False,md5,True,True
teste.py,fib,54,0.08638,2d-ad,pickle,db,False,md5,True,False
teste.py,fib,54,0.00469,2d-ad,pickle,db,False,md5,True,True
teste.py,fib,55,0.07888,2d-ad,pickle,db,False,md5,True,False
teste.py,fib,55,0.00465,2d-ad,pickle,db,False,md5,True,True
teste.py,fib,56,0.07399,2d-ad,pickle,db,False,md5,True,False
teste.py,fib,56,0.00521,2d-ad,pickle,db,False,md5,True,True
teste.py,fib,57,0.10516,2d-ad,pickle,db,False,md5,True,False
teste.py,fib,57,0.00502,2d-ad,pickle,db,False,md5,True,True
teste.py,fib,58,0.07664,2d-ad,pickle,db,False,md5,True,False
teste.py,fib,58,0.0053,2d-ad,pickle,db,False,md5,True,True
teste.py,fib,59,0.09941,2d-ad,pickle,db,False,md5,True,False
teste.py,fib,59,0.00519,2d-ad,pickle,db,False,md5,True,True
teste.py,fib,60,0.08921,2d-ad,pickle,db,False,md5,True,False
teste.py,fib,60,0.00495,2d-ad,pickle,db,False,md5,True,True
teste.py,fib,61,0.08117,2d-ad,pickle,db,False,md5,True,False
teste.py,fib,61,0.00504,2d-ad,pickle,db,False,md5,True,True
teste.py,fib,62,0.07997,2d-ad,pickle,db,False,md5,True,False
teste.py,fib,62,0.00476,2d-ad,pickle,db,False,md5,True,True
teste.py,fib,63,0.08782,2d-ad,pickle,db,False,md5,True,False
teste.py,fib,63,0.00495,2d-ad,pickle,db,False,md5,True,True
teste.py,fib,64,0.0787,2d-ad,pickle,db,False,md5,True,False
teste.py,fib,64,0.00487,2d-ad,pickle,db,False,md5,True,True
teste.py,fib,65,0.09535,2d-ad,pickle,db,False,md5,True,False
teste.py,fib,65,0.00497,2d-ad,pickle,db,False,md5,True,True
teste.py,fib,66,0.12447,2d-ad,pickle,db,False,md5,True,False
teste.py,fib,66,0.00487,2d-ad,pickle,db,False,md5,True,True
teste.py,fib,67,0.14431,2d-ad,pickle,db,False,md5,True,False
teste.py,fib,67,0.00485,2d-ad,pickle,db,False,md5,True,True
teste.py,fib,68,0.11987,2d-ad,pickle,db,False,md5,True,False
teste.py,fib,68,0.00517,2d-ad,pickle,db,False,md5,True,True
teste.py,fib,69,0.14147,2d-ad,pickle,db,False,md5,True,False
teste.py,fib,69,0.00475,2d-ad,pickle,db,False,md5,True,True
teste.py,fib,70,0.11685,2d-ad,pickle,db,False,md5,True,False
teste.py,fib,70,0.00487,2d-ad,pickle,db,False,md5,True,True
teste.py,fib,71,0.14357,2d-ad,pickle,db,False,md5,True,False
teste.py,fib,71,0.01,2d-ad,pickle,db,False,md5,True,True
teste.py,fib,72,0.12911,2d-ad,pickle,db,False,md5,True,False
teste.py,fib,72,0.00498,2d-ad,pickle,db,False,md5,True,True
teste.py,fib,73,0.14415,2d-ad,pickle,db,False,md5,True,False
teste.py,fib,73,0.00471,2d-ad,pickle,db,False,md5,True,True
teste.py,fib,74,0.12322,2d-ad,pickle,db,False,md5,True,False
teste.py,fib,74,0.00481,2d-ad,pickle,db,False,md5,True,True
teste.py,fib,75,0.13964,2d-ad,pickle,db,False,md5,True,False
teste.py,fib,75,0.00513,2d-ad,pickle,db,False,md5,True,True
teste.py,fib,76,0.12897,2d-ad,pickle,db,False,md5,True,False
teste.py,fib,76,0.00488,2d-ad,pickle,db,False,md5,True,True
teste.py,fib,77,0.14871,2d-ad,pickle,db,False,md5,True,False
teste.py,fib,77,0.00466,2d-ad,pickle,db,False,md5,True,True
teste.py,fib,78,0.1344,2d-ad,pickle,db,False,md5,True,False
teste.py,fib,78,0.00491,2d-ad,pickle,db,False,md5,True,True
teste.py,fib,79,0.15339,2d-ad,pickle,db,False,md5,True,False
teste.py,fib,79,0.00483,2d-ad,pickle,db,False,md5,True,True
teste.py,fib,80,0.14791,2d-ad,pickle,db,False,md5,True,False
teste.py,fib,80,0.00493,2d-ad,pickle,db,False,md5,True,True
teste.py,fib,81,0.14051,2d-ad,pickle,db,False,md5,True,False
teste.py,fib,81,0.00505,2d-ad,pickle,db,False,md5,True,True
teste.py,fib,82,0.15595,2d-ad,pickle,db,False,md5,True,False
teste.py,fib,82,0.00488,2d-ad,pickle,db,False,md5,True,True
teste.py,fib,83,0.11984,2d-ad,pickle,db,False,md5,True,False
teste.py,fib,83,0.00479,2d-ad,pickle,db,False,md5,True,True
teste.py,fib,84,0.13276,2d-ad,pickle,db,False,md5,True,False
teste.py,fib,84,0.00468,2d-ad,pickle,db,False,md5,True,True
teste.py,fib,85,0.15685,2d-ad,pickle,db,False,md5,True,False
teste.py,fib,85,0.00472,2d-ad,pickle,db,False,md5,True,True
teste.py,fib,86,0.12378,2d-ad,pickle,db,False,md5,True,False
teste.py,fib,86,0.00503,2d-ad,pickle,db,False,md5,True,True
teste.py,fib,87,0.16913,2d-ad,pickle,db,False,md5,True,False
teste.py,fib,87,0.0051,2d-ad,pickle,db,False,md5,True,True
teste.py,fib,88,0.15417,2d-ad,pickle,db,False,md5,True,False
teste.py,fib,88,0.00467,2d-ad,pickle,db,False,md5,True,True
teste.py,fib,89,0.14449,2d-ad,pickle,db,False,md5,True,False
teste.py,fib,89,0.00555,2d-ad,pickle,db,False,md5,True,True
teste.py,fib,90,0.15121,2d-ad,pickle,db,False,md5,True,False
teste.py,fib,90,0.00465,2d-ad,pickle,db,False,md5,True,True
teste.py,fib,91,0.15964,2d-ad,pickle,db,False,md5,True,False
teste.py,fib,91,0.00494,2d-ad,pickle,db,False,md5,True,True
teste.py,fib,92,0.15225,2d-ad,pickle,db,False,md5,True,False
teste.py,fib,92,0.00477,2d-ad,pickle,db,False,md5,True,True
teste.py,fib,93,0.14302,2d-ad,pickle,db,False,md5,True,False
teste.py,fib,93,0.00481,2d-ad,pickle,db,False,md5,True,True
teste.py,fib,94,0.13175,2d-ad,pickle,db,False,md5,True,False
teste.py,fib,94,0.00483,2d-ad,pickle,db,False,md5,True,True
teste.py,fib,95,0.1446,2d-ad,pickle,db,False,md5,True,False
teste.py,fib,95,0.00485,2d-ad,pickle,db,False,md5,True,True
teste.py,fib,96,0.13562,2d-ad,pickle,db,False,md5,True,False
teste.py,fib,96,0.00463,2d-ad,pickle,db,False,md5,True,True
teste.py,fib,97,0.1524,2d-ad,pickle,db,False,md5,True,False
teste.py,fib,97,0.00506,2d-ad,pickle,db,False,md5,True,True
teste.py,fib,98,0.16177,2d-ad,pickle,db,False,md5,True,False
teste.py,fib,98,0.00503,2d-ad,pickle,db,False,md5,True,True
teste.py,fib,99,0.51324,2d-ad,pickle,db,False,md5,True,False
teste.py,fib,99,0.00485,2d-ad,pickle,db,False,md5,True,True
teste.py,fib,100,0.13318,2d-ad,pickle,db,False,md5,True,False
teste.py,fib,100,0.00463,2d-ad,pickle,db,False,md5,True,True
